INSERT INTO students (id, first_name, last_name, age, email)
VALUES (1, 'Bohdan', 'Abramovych', 24, 'example1@gmail.com'),
       (2, 'Petro', 'Koval', 22, 'example2@gmail.com'),
       (3, 'Grigory', 'Abramchuk', 30, 'example3@gmail.com'),
       (4, 'Bohdan', 'Vasylevych', 21, 'example4@gmail.com'),
       (5, 'Roman', 'Fonov', 24, 'example5@gmail.com'),
       (6, 'Evgeniy', 'Adam', 24, 'example6@gmail.com'),
       (7, 'Volodymyr', 'Abraham', 26, 'example7@gmail.com'),
       (8, 'Ivan', 'Bizonow', 25, 'example8@gmail.com'),
       (9, 'Oleg', 'John', 29, 'example9@gmail.com'),
       (10, 'Mor', 'Pratchet', 29, 'example10@gmail.com'),
       (11, 'Artur', 'Ssadanyan', 28, 'example11@gmail.com'),
       (12, 'Mykola', 'Shkhir', 29, 'example12@gmail.com'),
       (13, 'Oleksandr', 'Tesak', 29, 'example13@gmail.com'),
       (14, 'Bohdan', 'Sadolinskyi', 23, 'example14@gmail.com'),
       (15, 'Roman', 'Tesla', 19, 'example15@gmail.com'),
       (16, 'Alla', 'Abramovych', 23, 'example16@gmail.com'),
       (17, 'Anastasia', 'Denysiuk', 22, 'example17@gmail.com'),
       (18, 'Maria', 'Uhimchuk', 28, 'example18@gmail.com'),
       (19, 'Egor', 'Funtusov', 25, 'example19@gmail.com'),
       (20, 'Viktoria', 'Demy', 24, 'example21@gmail.com'),
       (21, 'Petro', 'Kovr', 27, 'example22@gmail.com'),
       (22, 'Frank', 'Sinatra', 50, 'example23@gmail.com'),
       (23, 'Albert', 'Einstein', 90, 'example24@gmail.com'),
       (24, 'Teodor', 'Roosevelt', 26, 'example25@gmail.com'),
       (25, 'Peter', 'Parker', 20, 'example26@gmail.com'),
       (26, 'Otto', 'Octavius', 50, 'example27@gmail.com'),
       (27, 'Henry', 'Ford', 90, 'example28@gmail.com'),
       (28, 'Ted', 'Red', 22, 'example29@gmail.com'),
       (29, 'Taras', 'Shevchenko', 98, 'example30@gmail.com');

INSERT INTO students_group (id, name , headman)
VALUES (1, 'Java-1', 1),
       (2,'Java-2', 2),
       (3,'Java-3', 3),
       (4,'PHP-1', 4),
       (5,'PHP-2', 5),
       (6,'PHP-3', 5),
       (7,'JS-1', 6),
       (8,'JS-2', 7),
       (9,'JS-3', 8),
       (10,'Kotlin-1', 9),
       (11,'Kotlin-2', 10),
       (12,'Kotlin-3', 11),
       (13,'Python-1', 12),
       (14,'Python-2', 13),
       (15,'Python-3', 14),
       (16,'Go-1', 15),
       (17,'Go-2', 16),
       (18,'Go-3', 17),
       (19,'DevOps-1', 18),
       (20,'DevOps-2', 19),
       (21,'DevOps-3', 20),
       (22,'C++-1', 21),
       (23,'C++-2', 22),
       (24,'C++-3', 23),
       (25,'C#-1', 24),
       (26,'C#-2', 25);

INSERT INTO students_to_groups (group_id, student_id)
VALUES (1, 1),
    (1, 2),
    (1, 3),
    (1, 4),
    (1, 5),
    (1, 6),
    (1, 7),
    (1, 8),
    (1, 9),
    (1, 10),
    (2, 2),
    (2, 12),
    (2, 13),
    (2, 14),
    (2, 15),
    (3, 16),
    (3, 3),
    (3, 17),
    (3, 18),
    (3, 19),
    (4, 20),
    (4, 4),
    (4, 21),
    (4, 22),
    (5, 23),
    (5, 5),
    (5, 24),
    (5, 25),
    (5, 26),
    (6, 27),
    (6, 6),
    (6, 28),
    (7, 29),
    (7, 7),
    (7, 21),
    (7, 1),
    (7, 2),
    (7, 3),
    (7, 4),
    (7, 5),
    (8, 6),
    (8, 8),
    (9, 7),
    (9, 1),
    (9, 8),
    (9, 9),
    (9, 11),
    (10, 10),
    (10, 12),
    (10, 13),
    (10, 14),
    (10, 15),
    (11, 11),
    (11, 17),
    (11, 18),
    (11, 19),
    (11, 20),
    (12, 21),
    (12, 12),
    (12, 23),
    (12, 24),
    (12, 25),
    (13, 13),
    (13, 27),
    (13, 28),
    (13, 29),
    (13, 21),
    (14, 14),
    (14, 2),
    (14, 3),
    (15, 4),
    (15, 15),
    (15, 6),
    (16, 16),
    (16, 7),
    (16, 8),
    (17, 17),
    (18, 18),
    (18, 11),
    (18, 12),
    (19, 19),
    (19,14),
    (19, 15),
    (19, 16),
    (20, 21),
    (20, 18),
    (20, 19),
    (20, 20),
    (21, 21),
    (21, 22),
    (21, 23),
    (22, 22),
    (22, 25),
    (23, 23),
    (23, 27),
    (23, 28),
    (24, 24),
    (24, 21),
    (24, 1),
    (24, 2),
    (25, 25),
    (25, 4),
    (25, 5),
    (25, 6),
    (25, 7),
    (25, 8),
    (25, 9),
    (25, 10);
