insert into module_3.user (id, firstName, lastName)
values (1, 'Bohdan', 'Abramovych'),
       (2, 'Iegor', 'Funtusov'),
       (3, 'Roman', 'Abramovych'),
       (4, 'Jeffrey', 'Bezos'),
       (5, 'Elon', 'Musk');

insert into module_3.wallet (number, amount, close, currency, user_id)
values ('16d88b90-0db2-4c2e-89b6-2a634a0c2a0a', 0.00, false, 1, 5),
       ('1c546016-8169-4a35-aaf8-e25b4270bc81', 2812253.34, false, 2, 1),
       ('2d16e43d-4c42-4298-82fa-79b06584eddf', 0.00, false, 0, 4),
       ('2fb6d749-6397-4a94-8ec3-601a4dac47b2', 0.00, false, 0, 4),
       ('3951f44d-80e3-489d-9930-9ebf017536a8', 0.00, false, 1, 4),
       ('3e751904-6367-4fa0-acc4-918b03307226', 222222.00, false, 0, 2),
       ('722a942a-4721-4241-8a11-4aca70ecf8d7', 0.00, false, 3, 5),
       ('7f318773-47e2-408c-aec0-8972b8bf8469', 0.00, false, 3, 3),
       ('8e3c58a7-6387-42c2-9d56-f5b05874e729', 0.00, false, 4, 3),
       ('96358f7e-56ea-44ed-aec3-04f79eb22644', 28122533.40, false, 2, 5),
       ('9b773270-c60e-4eee-8a68-f4be774829e2', 0.00, false, 1, 3),
       ('a60ec378-abb0-4347-8a49-a8a31ea716f5', 9999966666667.00, false, 2, 3),
       ('a830cca8-aab2-41cf-b8a1-ebddf25c2c5f', 99900000.00, false, 0, 1),
       ('b63ce16f-7d18-4a3a-bda2-7ff56e4bdabe', 0.00, false, 0, 3),
       ('f2b74771-55f1-47d3-a276-4a89c006d6e6', 0.81, true, 2, 2),
       ('f5afc2df-52b5-4a40-8057-d60ddaf49f5f', 97003.24, false, 1, 2),
       ('ff312469-3b29-40df-ad30-cab064b61624', 998666667.00, false, 0, 5),
       ('ffbf9582-7d61-406e-86c5-9d020e9d695b', 1034793.32, false, 1, 4);

insert into module_3.transaction (id, amount, currency, dependencyWallet, exchangeRate, operation, processedDate,
                                  wallet_id)
values (1, 333333.00, 0, '3e751904-6367-4fa0-acc4-918b03307226', 1.00, 1, '2022-02-12 00:26:33.810000',
        'ff312469-3b29-40df-ad30-cab064b61624'),
       (2, 333333.00, 0, 'ff312469-3b29-40df-ad30-cab064b61624', 1.00, 0, '2022-02-12 00:26:33.820000',
        '3e751904-6367-4fa0-acc4-918b03307226'),
       (3, 1000000.00, 0, '96358f7e-56ea-44ed-aec3-04f79eb22644', 1.00, 1, '2022-02-12 00:27:02.613000',
        'ff312469-3b29-40df-ad30-cab064b61624'),
       (4, 1000000.00, 0, 'ff312469-3b29-40df-ad30-cab064b61624', 28.12, 0, '2022-02-12 00:27:02.615000',
        '96358f7e-56ea-44ed-aec3-04f79eb22644'),
       (5, 100000000.00, 0, 'a830cca8-aab2-41cf-b8a1-ebddf25c2c5f', 1.00, 1, '2022-02-12 00:27:42.884000',
        '2d16e43d-4c42-4298-82fa-79b06584eddf'),
       (6, 100000000.00, 0, '2d16e43d-4c42-4298-82fa-79b06584eddf', 1.00, 0, '2022-02-12 00:27:42.886000',
        'a830cca8-aab2-41cf-b8a1-ebddf25c2c5f'),
       (7, 100000.00, 0, '1c546016-8169-4a35-aaf8-e25b4270bc81', 1.00, 1, '2022-02-12 00:28:10.903000',
        'a830cca8-aab2-41cf-b8a1-ebddf25c2c5f'),
       (8, 100000.00, 0, 'a830cca8-aab2-41cf-b8a1-ebddf25c2c5f', 28.12, 0, '2022-02-12 00:28:10.905000',
        '1c546016-8169-4a35-aaf8-e25b4270bc81'),
       (9, 33333333.00, 2, 'ffbf9582-7d61-406e-86c5-9d020e9d695b', 1.00, 1, '2022-02-12 00:28:50.869000',
        'a60ec378-abb0-4347-8a49-a8a31ea716f5'),
       (10, 33333333.00, 2, 'a60ec378-abb0-4347-8a49-a8a31ea716f5', 0.03, 0, '2022-02-12 00:28:50.871000',
        'ffbf9582-7d61-406e-86c5-9d020e9d695b'),
       (11, 111111.00, 0, 'f2b74771-55f1-47d3-a276-4a89c006d6e6', 1.00, 1, '2022-02-12 00:29:16.684000',
        '3e751904-6367-4fa0-acc4-918b03307226'),
       (12, 111111.00, 0, '3e751904-6367-4fa0-acc4-918b03307226', 28.12, 0, '2022-02-12 00:29:16.686000',
        'f2b74771-55f1-47d3-a276-4a89c006d6e6'),
       (13, 3124722.00, 2, 'f5afc2df-52b5-4a40-8057-d60ddaf49f5f', 1.00, 1, '2022-02-12 00:30:18.321000',
        'f2b74771-55f1-47d3-a276-4a89c006d6e6'),
       (14, 3124722.00, 2, 'f2b74771-55f1-47d3-a276-4a89c006d6e6', 0.03, 0, '2022-02-12 00:30:18.322000',
        'f5afc2df-52b5-4a40-8057-d60ddaf49f5f');
